company,segment,evidence_of_ma_activity_url,approx_ma_projects,ma_towns,evidence_detail
Nexamp,solar; storage,https://www.mass.gov/doc/clean-peak-qualified-units-list-7126/download ; https://eeaonline.eea.state.ma.us/portal#!/search/wire ; https://www.mass.gov/doc/smart-solar-tariff-generation-units/download,63,37,"63 siting-relevant MA projects across 37 towns in CPS, MassDEP NOI, SMART1/2 (roles: NOI applicant, applicant, installer, owner, owner/aggregator; ~145.8 MW AC listed)"
NextGrid,solar; storage,https://eeaonline.eea.state.ma.us/portal#!/search/wire ; https://www.mass.gov/doc/smart-solar-tariff-generation-units/download ; https://www.mass.gov/doc/smart-30-solar-tariff-generation-units-0/download,34,27,"34 siting-relevant MA projects across 27 towns in MassDEP NOI, SMART1/2, SMART3.0 (roles: NOI applicant, applicant, installer, owner; ~72.1 MW AC listed)"
BlueWave,solar; storage,https://www.mass.gov/doc/clean-peak-qualified-units-list-7126/download ; https://eeaonline.eea.state.ma.us/portal#!/search/wire ; https://www.mass.gov/doc/smart-solar-tariff-generation-units/download ; https://www.mass.gov/doc/smart-30-solar-tariff-generation-units-0/download,28,18,"28 siting-relevant MA projects across 18 towns in CPS, MassDEP NOI, SMART1/2, SMART3.0 (roles: NOI applicant, applicant, installer, owner, owner/aggregator; ~56.4 MW AC listed)"
Kearsarge Energy,solar; storage,https://www.mass.gov/doc/clean-peak-qualified-units-list-7126/download ; https://eeaonline.eea.state.ma.us/portal#!/search/wire ; https://www.mass.gov/doc/smart-solar-tariff-generation-units/download ; https://www.mass.gov/doc/smart-30-solar-tariff-generation-units-0/download ; https://www.plymouth-ma.gov/AgendaCenter/ViewFile/Agenda/_10062026-3949,26,15,"26 siting-relevant MA projects across 15 towns in CPS, MassDEP NOI, SMART1/2, SMART3.0 (roles: NOI applicant, applicant, installer, owner, owner/aggregator; ~62.1 MW AC listed). Also seen by the crawler: Plymouth Select Board solar AOBC agreement with Kearsarge Solar LLC (Sep-Oct 2026)"
Syncarpha Capital,solar; storage,https://www.mass.gov/doc/clean-peak-qualified-units-list-7126/download ; https://www.mass.gov/doc/smart-solar-tariff-generation-units/download,20,10,"20 siting-relevant MA projects across 10 towns in CPS, SMART1/2 (roles: applicant, owner, owner/aggregator; ~77.9 MW AC listed)"
ZPT Energy Solutions / Zero-Point Development,solar; storage,https://eeaonline.eea.state.ma.us/portal#!/search/wire ; https://www.mass.gov/doc/smart-solar-tariff-generation-units/download,14,10,"14 siting-relevant MA projects across 10 towns in MassDEP NOI, SMART1/2 (roles: NOI applicant, installer; ~38.4 MW AC listed)"
ENGIE North America,solar; storage,https://www.mass.gov/doc/clean-peak-qualified-units-list-7126/download ; https://www.mass.gov/doc/smart-solar-tariff-generation-units/download,13,5,"13 siting-relevant MA projects across 5 towns in CPS, SMART1/2 (roles: applicant, owner, owner/aggregator; ~38.2 MW AC listed)"
Ameresco,solar; storage,https://www.mass.gov/doc/clean-peak-qualified-units-list-7126/download ; https://eeaonline.eea.state.ma.us/portal#!/search/wire ; https://www.mass.gov/doc/smart-solar-tariff-generation-units/download,10,8,"10 siting-relevant MA projects across 8 towns in CPS, MassDEP NOI, SMART1/2 (roles: NOI applicant, applicant, installer, owner, owner/aggregator; ~17.8 MW AC listed)"
New Leaf Energy,solar; storage,https://eeaonline.eea.state.ma.us/portal#!/search/wire ; https://www.mass.gov/doc/smart-30-solar-tariff-generation-units-0/download ; https://www.carverma.gov/AgendaCenter/ViewFile/Agenda/_09152026-531,10,6,"~10 siting-relevant MA projects across ~6 towns (Carver, Plymouth, Rochester and others) in MassDEP NOI, SMART3.0 (roles: NOI applicant, applicant, installer, owner; ~5.0 MW AC listed). Also the applicant or check payor on at least 9 of 36 commercial solar/BESS wetlands filings statewide, Oct 2025-Sep 2026, via SPVs: Golden Pond Solar 1, Federal Furnace Road Solar 1, Wareham Street Solar 2, Walnut Plain Road Solar 1, High Street Solar 1/2. The crawler saw several of them at Carver PB/ConCom and Plymouth ConCom, plus Meadow Solar 1 LLC c/o New Leaf Energy (Sep 15, 2026)"
Standard Solar,solar; storage,https://www.mass.gov/doc/clean-peak-qualified-units-list-7126/download ; https://www.mass.gov/doc/smart-solar-tariff-generation-units/download,7,5,"7 siting-relevant MA projects across 5 towns in CPS, SMART1/2 (roles: applicant, owner, owner/aggregator; ~24.9 MW AC listed)"
Lodestar Energy,solar; storage,https://www.mass.gov/doc/clean-peak-qualified-units-list-7126/download ; https://www.mass.gov/doc/smart-solar-tariff-generation-units/download,7,5,"7 siting-relevant MA projects across 5 towns in CPS, SMART1/2 (roles: applicant, installer, owner/aggregator; ~16.8 MW AC listed)"
SunRaise Investments,solar; storage,https://www.mass.gov/doc/clean-peak-qualified-units-list-7126/download ; https://www.mass.gov/doc/smart-solar-tariff-generation-units/download,6,3,"6 siting-relevant MA projects across 3 towns in CPS, SMART1/2 (roles: applicant, installer, owner, owner/aggregator; ~25.7 MW AC listed)"
EDF Renewables / PowerFlex,solar; storage,https://eeaonline.eea.state.ma.us/portal#!/search/wire ; https://www.mass.gov/doc/smart-solar-tariff-generation-units/download ; https://www.mass.gov/doc/smart-30-solar-tariff-generation-units-0/download,6,5,"6 siting-relevant MA projects across 5 towns in MassDEP NOI, SMART1/2, SMART3.0 (roles: NOI applicant, applicant, installer, owner; ~11.7 MW AC listed)"
Madison Energy Investments,solar; storage,https://www.mass.gov/doc/clean-peak-qualified-units-list-7126/download ; https://www.mass.gov/doc/smart-solar-tariff-generation-units/download,5,5,"5 siting-relevant MA projects across 5 towns in CPS, SMART1/2 (roles: applicant, owner, owner/aggregator; ~9.1 MW AC listed)"
AMP Solar Group,solar; storage,https://www.mass.gov/doc/clean-peak-qualified-units-list-7126/download ; https://eeaonline.eea.state.ma.us/portal#!/search/wire ; https://www.mass.gov/doc/smart-solar-tariff-generation-units/download,5,4,"5 siting-relevant MA projects across 4 towns in CPS, MassDEP NOI, SMART1/2 (roles: NOI applicant, applicant, installer, owner, owner/aggregator; ~14.2 MW AC listed)"
Catalyze,solar; storage,https://www.mass.gov/doc/clean-peak-qualified-units-list-7126/download ; https://www.mass.gov/doc/smart-solar-tariff-generation-units/download,3,2,"3 siting-relevant MA projects across 2 towns in CPS, SMART1/2 (roles: applicant, installer, owner, owner/aggregator; ~12.2 MW AC listed)"
Con Edison Clean Energy,solar; storage,https://www.mass.gov/doc/clean-peak-qualified-units-list-7126/download ; https://www.mass.gov/doc/smart-solar-tariff-generation-units/download,3,2,"3 siting-relevant MA projects across 2 towns in CPS, SMART1/2 (roles: applicant, installer, owner/aggregator; ~9.9 MW AC listed)"
Altus Power,solar; storage,https://www.mass.gov/doc/clean-peak-qualified-units-list-7126/download ; https://www.mass.gov/doc/smart-solar-tariff-generation-units/download,3,3,"3 siting-relevant MA projects across 3 towns in CPS, SMART1/2 (roles: applicant, owner, owner/aggregator; ~7.0 MW AC listed)"
Black Swan Dev Corp,solar; storage,https://eeaonline.eea.state.ma.us/portal#!/search/wire,2,1,"Check payor on Old Warren Road Development LLC ground-mount solar (Jan 2026); same site has a 4.9 MW BESS phase 2 filing (Sep 30, 2026), Swansea"
Borrego,solar,https://www.mass.gov/doc/smart-solar-tariff-generation-units/download,43,28,"43 siting-relevant MA projects across 28 towns in SMART1/2 (roles: applicant, installer; ~149.1 MW AC listed). Development arm now operates as New Leaf Energy (listed separately); counts are SMART 1.0/2.0 era"
Grid Builders LLC,solar,https://www.mass.gov/doc/smart-solar-tariff-generation-units/download ; https://www.mass.gov/doc/smart-30-solar-tariff-generation-units-0/download,28,22,"28 siting-relevant MA projects across 22 towns in SMART1/2, SMART3.0 (roles: installer; ~65.5 MW AC listed). Listed as installer on NextGrid SMART 3.0 projects"
Clearway Energy Group,solar,https://www.mass.gov/doc/smart-solar-tariff-generation-units/download,26,15,"26 siting-relevant MA projects across 15 towns in SMART1/2 (roles: applicant, installer, owner; ~80.6 MW AC listed)"
American Renewables Construction,solar,https://www.mass.gov/doc/smart-solar-tariff-generation-units/download,13,10,13 siting-relevant MA projects across 10 towns in SMART1/2 (roles: installer; ~55.5 MW AC listed)
Parallel Products Solar Energy,solar,https://eeaonline.eea.state.ma.us/portal#!/search/wire ; https://www.mass.gov/doc/smart-solar-tariff-generation-units/download ; https://www.mass.gov/doc/smart-30-solar-tariff-generation-units-0/download ; https://www.carverma.gov/AgendaCenter/ViewFile/Agenda/_10132026-616,13,10,"13 siting-relevant MA projects across 10 towns in MassDEP NOI, SMART1/2, SMART3.0 (roles: NOI applicant, applicant, installer, owner; ~10.6 MW AC listed). Also seen by the 351 Watch crawler: Carver PB special permit/site plan, 235 Main St (Oct 13, 2026)"
Conti Solar,solar,https://www.mass.gov/doc/smart-solar-tariff-generation-units/download,10,8,10 siting-relevant MA projects across 8 towns in SMART1/2 (roles: installer; ~21.9 MW AC listed)
Navisun,solar,https://www.mass.gov/doc/smart-solar-tariff-generation-units/download,10,8,"10 siting-relevant MA projects across 8 towns in SMART1/2 (roles: applicant, installer, owner; ~18.5 MW AC listed)"
CVE North America,solar,https://eeaonline.eea.state.ma.us/portal#!/search/wire ; https://www.mass.gov/doc/smart-solar-tariff-generation-units/download ; https://www.mass.gov/doc/smart-30-solar-tariff-generation-units-0/download,10,7,"10 siting-relevant MA projects across 7 towns in MassDEP NOI, SMART1/2, SMART3.0 (roles: NOI applicant, applicant, installer, owner; ~31.6 MW AC listed)"
ReWild Renewables,solar,https://eeaonline.eea.state.ma.us/portal#!/search/wire ; https://www.mass.gov/doc/smart-solar-tariff-generation-units/download ; https://www.mass.gov/doc/smart-30-solar-tariff-generation-units-0/download,10,5,"10 siting-relevant MA projects across 5 towns in MassDEP NOI, SMART1/2, SMART3.0 (roles: NOI applicant, applicant, installer, owner; ~16.5 MW AC listed)"
Dynamic Energy,solar,https://www.mass.gov/doc/smart-solar-tariff-generation-units/download,9,6,"9 siting-relevant MA projects across 6 towns in SMART1/2 (roles: applicant, installer, owner; ~31.5 MW AC listed)"
Citizens Enterprises Corporation,solar,https://www.mass.gov/doc/smart-solar-tariff-generation-units/download ; https://www.mass.gov/doc/smart-30-solar-tariff-generation-units-0/download,8,7,"8 siting-relevant MA projects across 7 towns in SMART1/2, SMART3.0 (roles: applicant, installer, owner; ~15.6 MW AC listed)"
Renewable Energy Development Partners (REDP),solar,https://eeaonline.eea.state.ma.us/portal#!/search/wire ; https://www.mass.gov/doc/smart-solar-tariff-generation-units/download ; https://www.mass.gov/doc/smart-30-solar-tariff-generation-units-0/download,8,2,"8 siting-relevant MA projects across 2 towns in MassDEP NOI, SMART1/2, SMART3.0 (roles: NOI applicant, applicant, installer, owner; ~9.5 MW AC listed)"
Park Avenue Solar Solutions,solar,https://www.mass.gov/doc/smart-solar-tariff-generation-units/download,6,5,6 siting-relevant MA projects across 5 towns in SMART1/2 (roles: installer; ~11.1 MW AC listed)
Greenbacker,solar,https://www.mass.gov/doc/clean-peak-qualified-units-list-7126/download ; https://eeaonline.eea.state.ma.us/portal#!/search/wire ; https://www.mass.gov/doc/smart-solar-tariff-generation-units/download,6,3,"6 siting-relevant MA projects across 3 towns in CPS, MassDEP NOI, SMART1/2 (roles: NOI applicant, applicant, owner, owner/aggregator; ~14.5 MW AC listed)"
Solect Energy,solar,https://eeaonline.eea.state.ma.us/portal#!/search/wire ; https://www.mass.gov/doc/smart-30-solar-tariff-generation-units-0/download,6,6,"6 siting-relevant MA projects across 6 towns in MassDEP NOI, SMART3.0 (roles: NOI applicant, applicant, installer, owner; ~4.8 MW AC listed)"
Allco Renewable Energy,solar,https://www.mass.gov/doc/smart-solar-tariff-generation-units/download ; https://www.mass.gov/doc/smart-30-solar-tariff-generation-units-0/download,5,3,"5 siting-relevant MA projects across 3 towns in SMART1/2, SMART3.0 (roles: applicant, owner; ~19.9 MW AC listed)"
Ecos Energy,solar,https://www.mass.gov/doc/smart-solar-tariff-generation-units/download ; https://www.mass.gov/doc/smart-30-solar-tariff-generation-units-0/download,5,3,"5 siting-relevant MA projects across 3 towns in SMART1/2, SMART3.0 (roles: installer; ~19.9 MW AC listed)"
BerryHutton,solar,https://www.mass.gov/doc/smart-solar-tariff-generation-units/download,4,2,4 siting-relevant MA projects across 2 towns in SMART1/2 (roles: installer; ~17.7 MW AC listed)
Signal Energy,solar,https://www.mass.gov/doc/smart-solar-tariff-generation-units/download,4,4,4 siting-relevant MA projects across 4 towns in SMART1/2 (roles: installer; ~8.7 MW AC listed)
Cypress Creek Renewables,solar,https://www.mass.gov/doc/smart-solar-tariff-generation-units/download,4,4,4 siting-relevant MA projects across 4 towns in SMART1/2 (roles: installer; ~13.5 MW AC listed)
ForeFront Power,solar,https://www.mass.gov/doc/smart-solar-tariff-generation-units/download,4,4,"4 siting-relevant MA projects across 4 towns in SMART1/2 (roles: applicant, installer; ~9.9 MW AC listed)"
Valta Solar,solar,https://www.mass.gov/doc/smart-solar-tariff-generation-units/download ; https://www.mass.gov/doc/smart-30-solar-tariff-generation-units-0/download,4,4,"4 siting-relevant MA projects across 4 towns in SMART1/2, SMART3.0 (roles: applicant, installer, owner; ~9.8 MW AC listed)"
Greenskies Clean Energy,solar,https://www.mass.gov/doc/smart-30-solar-tariff-generation-units-0/download,4,4,"4 siting-relevant MA projects across 4 towns in SMART3.0 (roles: applicant, installer, owner; ~4.0 MW AC listed)"
Solar Collective,solar,https://eeaonline.eea.state.ma.us/portal#!/search/wire,4,3,4 siting-relevant MA projects across 3 towns in MassDEP NOI (roles: NOI applicant; ~0.0 MW AC listed)
Pro-Tech Energy Solutions,solar,https://www.mass.gov/doc/smart-solar-tariff-generation-units/download,3,3,3 siting-relevant MA projects across 3 towns in SMART1/2 (roles: installer; ~9.3 MW AC listed)
SoCore Energy,solar,https://www.mass.gov/doc/smart-solar-tariff-generation-units/download,3,3,3 siting-relevant MA projects across 3 towns in SMART1/2 (roles: installer; ~11.7 MW AC listed)
PureSky Energy,solar,https://eeaonline.eea.state.ma.us/portal#!/search/wire ; https://www.mass.gov/doc/smart-solar-tariff-generation-units/download ; https://www.mass.gov/doc/smart-30-solar-tariff-generation-units-0/download,3,3,"3 siting-relevant MA projects across 3 towns in MassDEP NOI, SMART1/2, SMART3.0 (roles: NOI applicant, applicant, installer; ~9.0 MW AC listed)"
DSD Renewables,solar,https://www.mass.gov/doc/smart-solar-tariff-generation-units/download,3,3,3 siting-relevant MA projects across 3 towns in SMART1/2 (roles: owner; ~11.0 MW AC listed)
All Energy Solar,solar,https://eeaonline.eea.state.ma.us/portal#!/search/wire,3,2,3 siting-relevant MA projects across 2 towns in MassDEP NOI (roles: NOI applicant; ~0.0 MW AC listed)
NextEra Energy,solar,https://www.townofcharlton.net/AgendaCenter/ViewFile/Agenda/_09162026-4678 ; https://eeaonline.eea.state.ma.us/portal#!/search/wire,2,1,"Charlton PB item: NextEra Energy, 261 N. Sturbridge Rd solar facility (Sep 16, 2026); MassDEP NOI 2024"
AES Clean Energy,storage; solar,https://www.mass.gov/doc/clean-peak-qualified-units-list-7126/download ; https://www.mass.gov/doc/smart-solar-tariff-generation-units/download,23,14,"23 siting-relevant MA projects across 14 towns in CPS, SMART1/2 (roles: applicant, owner/aggregator; ~64.2 MW AC listed). Includes CPS rows listed as The AES Corporation"
Agilitas Energy,storage; solar,https://www.mass.gov/doc/clean-peak-qualified-units-list-7126/download ; https://eeaonline.eea.state.ma.us/portal#!/search/wire ; https://www.mass.gov/doc/smart-solar-tariff-generation-units/download ; https://www.mass.gov/doc/smart-30-solar-tariff-generation-units-0/download,9,6,"9 siting-relevant MA projects across 6 towns in CPS, MassDEP NOI, SMART1/2, SMART3.0 (roles: NOI applicant, applicant, installer, owner, owner/aggregator; ~33.5 MW AC listed)"
Stem Inc.,storage,https://www.mass.gov/doc/clean-peak-qualified-units-list-7126/download,7,7,7 siting-relevant MA projects across 7 towns in CPS (roles: owner/aggregator; ~15.4 MW AC listed)
Brookfield Renewable,storage,https://www.mass.gov/doc/clean-peak-qualified-units-list-7126/download ; https://www.mass.gov/doc/smart-solar-tariff-generation-units/download,6,4,"6 siting-relevant MA projects across 4 towns in CPS, SMART1/2 (roles: applicant, owner, owner/aggregator; ~101.6 MW AC listed). CPS rows are large pumped-storage units in Rowe (~88 MW)"
SYSO Technologies,storage,https://www.mass.gov/doc/clean-peak-qualified-units-list-7126/download,6,6,6 siting-relevant MA projects across 6 towns in CPS (roles: owner/aggregator; ~10.5 MW AC listed)
Enel X,storage,https://www.mass.gov/doc/clean-peak-qualified-units-list-7126/download ; https://www.mass.gov/doc/smart-solar-tariff-generation-units/download,5,5,"5 siting-relevant MA projects across 5 towns in CPS, SMART1/2 (roles: owner, owner/aggregator; ~8.0 MW AC listed)"
S&C Electric,storage,https://www.mass.gov/doc/smart-solar-tariff-generation-units/download,4,3,4 siting-relevant MA projects across 3 towns in SMART1/2 (roles: installer; ~13.5 MW AC listed)
Hecate Energy,storage,https://irtt.iso-ne.com/reports/external ; https://eeaonline.eea.state.ma.us/portal#!/search/wire,2,2,"ISO-NE active queue: Hecate Energy Eastern Ave Energy Center, 250 MW BESS (Chelsea 115 kV); MassDEP NOI 2024: Hecate Energy Ward Hill Energy Center LLC"
Cranberry Point Energy Storage LLC,storage,https://www.mass.gov/doc/clean-peak-qualified-units-list-7126/download ; https://www.mass.gov/doc/efsb-21-02-final-decision/download,1,1,"Carver, 158 MW qualified Clean Peak storage resource (CPS effective Apr 25, 2025); EFSB 21-02 decision"
Medway Grid LLC,storage,https://www.mass.gov/doc/clean-peak-qualified-units-list-7126/download,1,1,"Medway, 250 MW qualified Clean Peak storage resource (effective Dec 3, 2025)"
Moraga Storage LLC,storage,https://www.mass.gov/info-details/efsb-and-dpu-siting-open-dockets ; https://www.mass.gov/info-details/oakham-battery-project,1,1,"Oakham BESS: EFSB 26-01 certificate petition (open docket), EFSB 25-07 zoning exemption; MassDEP NOI filed 2024"
Hillman Energy Center LLC,storage,https://www.mass.gov/info-details/efsb-and-dpu-siting-open-dockets ; https://www.mass.gov/info-details/tewksbury-battery-project,1,1,"Tewksbury BESS, 73-75 Hillman St: EFSB 26-02 (motion to withdraw filed Sep 2026), EFSB 25-08 zoning exemption; MassDEP NOI May 2026"
Blue Sky Utility,storage,https://www.pittsfieldma.gov/AgendaCenter/ViewFile/Agenda/_10132026-1026,1,1,"Presented battery storage project to Pittsfield City Council (Oct 13, 2026 agenda/minutes) during BESS zoning debate"
East Point Energy,storage,https://eeaonline.eea.state.ma.us/portal#!/search/wire,1,1,MassDEP Wetlands NOI filed 2024 (BESS developer)
Digital Realty,data center,https://morethanjustparks.com/data-center-tracker/state/massachusetts,4,4,"Four MA facilities listed (Boston Metro, Waltham, Boston campus, Needham)"
Centersquare (incl. Cyxtera),data center,https://morethanjustparks.com/data-center-tracker/state/massachusetts,4,3,"BOS1 Waltham (16 MW), Watertown BOS4-A, BOS1-B, Cyxtera Boston Metro"
Markley Group,data center,https://morethanjustparks.com/data-center-tracker/state/massachusetts ; https://www.wbur.org/news/2026/09/08/proposed-data-centers-local-approvals-healey-massachusetts,3,2,"Operates Lowell and Boston data centers; Lowell Sacred Heart site listed as suspended; seeking 8 more generators in Lowell (WBUR, Sep 8, 2026)"
TierPoint,data center,https://morethanjustparks.com/data-center-tracker/state/massachusetts,3,3,"Andover (5 MW), Marlborough, Charlestown (2 MW)"
ColoSpace,data center,https://morethanjustparks.com/data-center-tracker/state/massachusetts,3,3,"Marlborough, Rockland; Waltham project listed as suspended"
Amazon Web Services,data center,https://morethanjustparks.com/data-center-tracker/state/massachusetts,2,2,"Proposed campuses in Grafton (Centennial Dr) and Westborough (tracker, Oct 2026)"
Equinix,data center,https://morethanjustparks.com/data-center-tracker/state/massachusetts,2,1,BO1 and BO2 Boston
CoreSite,data center,https://morethanjustparks.com/data-center-tracker/state/massachusetts,2,2,"BO1 Boston campus, Somerville"
11:11 Systems,data center,https://morethanjustparks.com/data-center-tracker/state/massachusetts,2,1,Two Marlborough facilities
EdgeConneX,data center,https://morethanjustparks.com/data-center-tracker/state/massachusetts,1,1,BOS01 Boston
Iron Mountain Data Centers,data center,https://morethanjustparks.com/data-center-tracker/state/massachusetts,1,1,BOS-1 Northborough (4 MW)
Servistar Realty LLC,data center,https://theshoestring.org/2026/07/02/ban-ban-ban-data-center-discontent-reaches-western-massachusetts/ ; https://www.bisnow.com/news/national/data-center/massive-data-center-development-targeting-western-mass-110033,1,1,Westfield 10-building data center campus approved by Planning Board (18-42 MW IT load per Shoestring; larger interconnection figures reported elsewhere); permit expires Oct 2026
Chestnut River Power,data center,https://theshoestring.org/2026/07/02/ban-ban-ban-data-center-discontent-reaches-western-massachusetts/,1,1,"Proposed 20 MW data center on Water St, Holyoke; blocked by June 2026 ban"
The Davis Companies,data center,https://www.wbur.org/news/2026/04/06/data-centers-ai-massachusetts-pollution-pushback,1,1,"Redeveloping former ExxonMobil site in Everett; keeping data center option open (WBUR, Apr 2026)"
National Grid (New England Power / Mass. Electric),transmission/utility,https://www.mass.gov/info-details/efsb-and-dpu-siting-open-dockets ; https://eeaonline.eea.state.ma.us/portal#!/search/wire,50,17,EFSB 25-01 69/115 kV line rebuild through 17 towns; ~48 MassDEP NOIs in 2025
Eversource (NSTAR Electric),transmission/utility,https://www.mass.gov/info-details/efsb-and-dpu-siting-open-dockets ; https://eeaonline.eea.state.ma.us/portal#!/search/wire,30,,"EFSB open dockets 25-02, 25-06, 25-09, 25-11 (substation zoning exemptions in Plymouth/Wareham, Dartmouth, Blandford, Falmouth); ~25 MassDEP NOIs in 2025"
SouthCoast Wind,transmission/utility,https://irtt.iso-ne.com/reports/external ; https://eeaonline.eea.state.ma.us/portal#!/search/wire,1,2,"ISO-NE active queue: SouthCoast Wind 1, 1,200 MW via Brayton Point; MassDEP NOIs 2024"
Commonwealth Wind LLC (Avangrid),transmission/utility,https://www.mass.gov/info-details/efsb-and-dpu-siting-open-dockets,1,1,EFSB 22-06 / D.P.U. 22-105/106 transmission to Barnstable (open docket)
"Vertex Towers, LLC",wireless (other),https://eeaonline.eea.state.ma.us/portal#!/search/wire,2,2,Wireless facility wetlands filings in Holbrook and Monson (2026). Tower developer
Foley Hoag LLP,attorney,https://foleyhoag.com/news-and-insights/blogs/energy-and-climate-counsel/2026/june/siting-battery-storage-in-massachusetts-a-new-regulatory-landscape/,,,Publishes on MA BESS siting / consolidated permits (July 2026)
Pierce Atwood LLP,attorney,https://www.mass.gov/doc/efsb-21-02-final-decision/download ; https://www.pierceatwood.com/alerts/breaking-massachusetts-passes-clean-energy-bill-streamlining-permitting-process-battery,,,Counsel of record in EFSB 21-02 (Carver BESS); alert on 2024 Climate Act BESS permitting
Nutter McClennen & Fish LLP,attorney,https://www.nutter.com/trending-newsroom-publications-environment-energy-insights-july-2026,,,Environment/energy insights covering MA siting reform (July 2026)
"Bacon Wilson, P.C.",attorney,https://www.amherstma.gov/AgendaCenter/ViewFile/Agenda/_10142026-160,,,"Files before Amherst Conservation Commission (Oct 14, 2026 agenda; non-energy matter)"
"Beals and Thomas, Inc.",consultant,https://www.plymouth-ma.gov/AgendaCenter/ViewFile/Agenda/_09222026-3902 ; https://eeaonline.eea.state.ma.us/portal#!/search/wire,5,3,"Named in the Plymouth ConCom agenda for the Federal Furnace Road Solar 1 NOI (Sep 22, 2026); check payor on 4 solar wetlands filings Oct 2025-Sep 2026 (Federal Pond Solar and Tremont Street Solar 1 in Carver; Stone Street Solar in Carver and Middleborough)"
Industria Engineering,consultant,https://www.mass.gov/doc/smart-solar-tariff-generation-units/download,3,3,3 siting-relevant MA projects across 3 towns in SMART1/2 (roles: installer; ~8.2 MW AC listed)
Farland Corp,consultant,https://eeaonline.eea.state.ma.us/portal#!/search/wire,3,3,"Check payor on 3 Parallel Products Solar Energy canopy wetlands filings (Hanover, Brockton, Easton), Nov 2025-Aug 2026"
Kimley-Horn,consultant,https://eeaonline.eea.state.ma.us/portal#!/search/wire,1,1,"Check payor on the Bishops Highway Solar LLC (c/o ReWild Renewables) wetlands filing, Plympton, Mar 2026"
"Weston & Sampson Engineers, Inc.",consultant,https://montague-ma.gov/files/SPSPR_2025-02_Judd_Wire_BESS_App_Packet.pdf,1,1,Prepared Montague 0.99 MW / 2.7 MWh BESS special permit/site plan application (2025)
Horsley Witten Group,consultant,https://www.plymouth-ma.gov/AgendaCenter/ViewFile/Agenda/_09082026-3855,,1,"Under contract to Plymouth Earth Removal Bylaw Committee (Sep 8, 2026 Select Board packet); land-use/environmental consultant"
