state,abbr,region,detail,oml_citation,regular_meeting_lead_time,excludes_weekends_holidays,agenda_required,agenda_content_standard,online_posting_required,documents_posted_in_advance,unlisted_items_rule,covers_planning_zoning_boards,town_meeting_warrant_rule,land_use_hearing_notice,cog2022_general_purpose,cog2022_county,cog2022_municipal,cog2022_township,who_decides_siting,state_siting_threshold,battery_storage_siting,data_center_note,siting_mostly_local,agenda_rule_vs_MA,verification,sources
Connecticut,CT,Northeast,full,Conn. Gen. Stat. §1-225 (FOIA),Agenda filed at least 24 hours before; annual regular-meeting schedule filed with the town clerk,No,Yes,Agenda filed with the clerk; unlisted business needs a two-thirds vote,Special-meeting notices go on the agency website if available. Regular agendas must go online for state agencies; local bodies file with the town clerk (statute does not clearly require local website posting).,No,Two-thirds vote of members present and voting,Yes,CGS §7-3: warning posted on a signpost near the town clerk's office and published in a newspaper at least 5 days before,"CGS §8-7d [K: not verified, cga.ct.gov unreachable]",179,0,30,149,"State: Connecticut Siting Council has ""exclusive jurisdiction over the location and type of facilities"" (§16-50x(a)), covering any ""electric generating or storage facility"" (§16-50i(a)(3)). Renewables of 1 MW or less are excluded (local) unless the developer elects in (§16-50k(e)). Grid-side projects up to 65 MW go by petition for declaratory ruling.",Renewables >1 MW. Solar >=2 MW on prime farmland or core forest needs DoAg/DEEP sign-off.,"State. The Siting Council decides 4-18 MW BESS by declaratory-ruling petition (e.g., 5 MW Windsor Locks, 18 MW Suffield).",,No (state),Weaker (24 hours),"V: §1-225 text on the CT FOI Commission site (amended through P.A. 22-109). §16-50i, §16-50x and §7-3 via FindLaw [secondary]. CSC petition letters [primary]. cga.ct.gov returned 503 and TLS errors.",https://portal.ct.gov/FOI/Regulations/The-FOI-Act/Sec-1225--Formerly-Sec-121--Meetings-of-government-agencies-to-be-public--Recording-of-votes--Schedu ; https://codes.findlaw.com/ct/title-16-public-service-companies/ct-gen-st-sect-16-50x/ ; https://codes.findlaw.com/ct/title-16-public-service-companies/ct-gen-st-sect-16-50i/ ; https://codes.findlaw.com/ct/title-7-municipalities/ct-gen-st-sect-7-3/ ; https://portal.ct.gov/-/media/csc/3_petitions-medialibrary/petitions_medialibrary/mediapetitionnos1501-1600/pe1572/decision_staffreport/pe1572-opn_final_a.pdf ; https://portal.ct.gov/-/media/csc/3_petitions-medialibrary/petitions_medialibrary/mediapetitionnos1501-1600/pe1579/proceduralcorrespondence/pe1579_townltr_energy-windsorlocks-a.pdf
Maine,ME,Northeast,full,1 M.R.S. §§401-414 (FOAA); notice: §406,"No fixed period: ""ample time to allow public attendance""",n/a,No,None in statute,No,No,No statutory rule,Yes (public proceedings of bodies of 3+ members),"30-A M.R.S. §2523: attested warrant posted in a conspicuous public place at least 7 days before, unless the town adopted another method",Mostly set by local ordinance [K],500,16,23,461,Local (home rule). DEP Site Location of Development Law adds a state environmental permit for solar/BESS over 20 acres but does not displace local review. LUPC is the zoning authority in unorganized territories.,No state siting preemption for solar/BESS. DEP Site Law applies over 20 acres.,Local (DOER July 2026 handbook: no uniform local rules),,Yes,Weaker,V: 1 MRSA §406 and 30-A §2523 on legislature.maine.gov. Siting from Maine DOER Solar & Energy Storage Handbook (updated July 2026).,https://legislature.maine.gov/statutes/1/title1sec406.html ; https://legislature.maine.gov/statutes/30-A/title30-Asec2523.html ; https://www.maine.gov/energy/sites/maine.gov.energy/files/inline-files/DOER%20Solar%20and%20Energy%20Storage%20Handbook%20for%20Maine%20Communities.pdf
Massachusetts,MA,Northeast,full,M.G.L. c. 30A §§18-25 (notice: §20(b)-(c)); 940 CMR 29.00,48 hours,"Yes (Sat, Sun, legal holidays)",Yes,"""listing of topics that the chair reasonably anticipates will be discussed""",No for local bodies (file with clerk; post where visible at all hours). AG regs let a municipal website serve as the posting method [K]. State bodies post on the AG website.,No,Topics the chair did not reasonably anticipate may be taken up [K: AG guidance],"Yes: planning board, ZBA, select board, con com are local public bodies",c. 39 §10: warrant notice at least 7 days before annual and 14 days before special town meeting; method set by bylaw. Town meeting itself is outside the OML [K: AG guide].,"c. 40A §11: newspaper twice, first at least 14 days before; posted in town hall 14 days; mailed to parties in interest within 300 ft",356,5,56,295,"Local (zoning; c. 40A §3 limits on restricting solar [K]). Since St. 2024 c. 239 + 225 CMR 29.00: one consolidated local permit with a 12-month clock and constructive approval. Towns must accept applications from Oct 1, 2026. Large projects go to the EFSB.","EFSB consolidated permit for >=25 MW generation or >=100 MWh storage; below that, local consolidated permit","Same split (<100 MWh local, >=100 MWh EFSB). AG has disapproved town BESS bans and moratoria.",,"Hybrid: local for most projects, under a state-set process and deadline",Baseline,"V: c.30A §20, c.39 §10, c.40A §11 fetched from malegislature.gov. Siting details from this project's earlier tracker_sources.md (225 CMR 29.00, St. 2024 c. 239). [K] items not re-verified.",https://malegislature.gov/Laws/GeneralLaws/PartI/TitleIII/Chapter30A/Section20 ; https://malegislature.gov/Laws/GeneralLaws/PartI/TitleVII/Chapter39/Section10 ; https://malegislature.gov/Laws/GeneralLaws/PartI/TitleVII/Chapter40A/Section11 ; ../Meeting monitor validation/tracker_sources.md
New Hampshire,NH,Northeast,full,"RSA 91-A:2, II (Right-to-Know Law)",24 hours,Sundays and legal holidays only,No,Time and place only,"Optional: notice goes in 2 appropriate places, one of which may be the body's website (or in a newspaper)",No (not in 91-A:2),No statutory rule,Yes,"RSA 39:5: posted at least 14 days before, at the meeting place and one other public place. Website posting (home page or direct link) required if the town has a site, effective Oct 18, 2026 (2026, 341:2).","RSA 676:4, I(d): verified mail to abutters and others, plus public posting or publication, at least 10 days before submission or hearing",244,10,13,221,Local planning board / ZBA unless the Site Evaluation Committee (RSA 162-H) has jurisdiction,SEC: generating stations >=30 MW; renewables >30 MW (SEC may take 5-30 MW projects); storage >=30 MW,Local below 30 MW; SEC at 30 MW and up,,Yes (nearly all NH solar/BESS is under 30 MW),Weaker,"V: RSA 91-A:2, 39:5, 676:4, 162-H:2 on gc.nh.gov",https://gc.nh.gov/rsa/html/VI/91-A/91-A-2.htm ; https://gc.nh.gov/rsa/html/III/39/39-5.htm ; https://gc.nh.gov/rsa/html/LXIV/676/676-4.htm ; https://gc.nh.gov/rsa/html/XII/162-H/162-H-2.htm
New Jersey,NJ,Northeast,full,N.J.S.A. 10:4-6 to -21 (OPMA); adequate notice §10:4-8(d); annual schedule §10:4-18; electronic notice §10:4-9.1,"48 hours (""written advance notice of at least 48 hours""); annual schedule",No,Yes,"Time, date, location and ""to the extent known, the agenda""; must say whether formal action may be taken","Historically optional (§10:4-9.1 lets electronic notice supplement, not replace). S-4654/A-5878 (signed June 30, 2025): public entities must publish legal notices on their own website from Mar 1, 2026, with the link registered in the NJ Dept. of State statewide directory. A municipal library notice says this amended OPMA notice [secondary].","Land use: MLUL 40:55D-10(b) requires maps and documents for an application to be on file and open to inspection at least 10 days before the hearing (in the office, not necessarily online)",Notice must state whether formal action may be taken,Yes. MLUL 40:55D-12 adds notice at least 10 days before development hearings (newspaper plus owners within 200 ft).,n/a,40:55D-12: at least 10 days before; official newspaper plus owners within 200 ft (certified mail),585,21,323,241,Local (MLUL planning and zoning boards). 40:55D-66.11 makes solar/wind a permitted use in industrial districts on parcels of 20+ acres [K]. No state preemption for grid-scale solar or BESS.,None for land-based solar/BESS [K]. Offshore wind has state override provisions [K].,"Local. Bills to make small (up to 25 kW) storage a permitted accessory use (S219, then S625 in 2026-27) are pending. Aug 2025 law set a 2 GW storage goal.",,Yes,Comparable (48 calendar hours with agenda; website from 2026),"V: OPMA text from nj.gov PDF (Nov 2023 copy); NJ Dept. of State legal-notice directory page. Secondary: S-4654 details (NJ Monitor, O'Toole Scrivo, Chester Library); MLUL 40:55D-10 and -12 via FindLaw.",https://www.nj.gov/njoem/serc/pdf/Open_Public_Meetings_Act_N.J.S.A._10_4-6-21.pdf ; https://www.nj.gov/state/statewide-legal-notices-list.shtml ; https://newjerseymonitor.com/2025/07/01/new-jersey-removes-mandate-to-publish-legal-notices-in-newspapers/ ; https://chesterlib.org/legal_notices/important-changes-to-opma-legal-notice-requirements/ ; https://codes.findlaw.com/nj/title-40-municipalities-and-counties/nj-st-sect-40-55d-10/ ; https://codes.findlaw.com/nj/title-40-municipalities-and-counties/nj-st-sect-40-55d-12/
New York,NY,Northeast,full,Public Officers Law §§100-111; notice §104; documents §103(e),"72 hours for meetings scheduled at least 1 week ahead; otherwise ""a reasonable time"" before, to the extent practicable",No,"No: the OML requires notice of time and place, not an agenda [K: Committee on Open Government position]",n/a,"Yes, if the body has the ability: notice conspicuously posted on its website","Yes: records scheduled for discussion are available on request and posted online ""to the extent practicable at least twenty-four hours prior"" (if the agency has a routinely updated website and high-speed internet). Added 2012 [K]; the 2022 amendment was §103-a, videoconferencing [K].",No statutory rule,Yes (planning boards and ZBAs are public bodies),n/a: NY towns are run by town boards; no open town meeting [K],"Town Law §§267-a, 274-a/b and Village Law equivalents: published notice at least 5 days before [K]",1582,57,595,930,"ORES (now in DPS under PSL Article VIII, RAPID Act 2024) for major renewable facilities. Once an application is pending, municipalities cannot require approvals (§144). ORES may waive local laws it finds ""unreasonably burdensome"" (§142(5)). Below the threshold, local zoning.",">=25 MW (""twenty-five thousand kilowatts or more""), incl. co-located storage (§137). No opt-in found in the §142 text [K for any opt-in].",Standalone BESS: local zoning (NYSERDA model law) [K]. Co-located storage at >=25 MW sites: ORES.,,Hybrid: local for community solar (<25 MW) and standalone BESS; state for >=25 MW,"Mixed: longer notice, website and 24-hour documents, but no agenda requirement","V: POL §103 and §104, PSL §§137, 140, 142, 144 on nysenate.gov. History of §103(e) [K].",https://www.nysenate.gov/legislation/laws/PBO/104 ; https://www.nysenate.gov/legislation/laws/PBO/103 ; https://www.nysenate.gov/legislation/laws/PBS/137 ; https://www.nysenate.gov/legislation/laws/PBS/142 ; https://www.nysenate.gov/legislation/laws/PBS/144
Pennsylvania,PA,Northeast,full,65 Pa.C.S. §§701-716 (Sunshine Act); notice §709; agenda §709(c.1) and §712.1 (Act 65 of 2021),Agenda at least 24 hours before (website); first regular meeting of the year 3 days; special or rescheduled 24 hours,No,Yes,"""a listing of each matter of agency business that will be or may be the subject of deliberation or official action""","Yes, if the agency has a public website (24 hours ahead); also at the meeting location and principal office, with copies at the meeting",No,"No official action on unlisted items except emergencies, de minimis items that arise within 24 hours, or items added by majority vote with reasons announced. Amended agenda posted by the next business day.","Yes: ""agency"" covers any board or commission of a political subdivision (planning commissions, ZHBs, supervisors, councils)",n/a,"MPC §107 ""public notice"": newspaper once a week for 2 weeks; first no more than 30 days and second at least 7 days before the hearing",2625,66,1013,1546,"Local (MPC zoning by 2,559 municipalities/townships and counties). No state siting board for generation; the PUC has no role in solar siting.","None. HB 502 (RESET Board, ""Lightning Plan"") was referred to House Energy on Apr 23, 2025, with no further action as of Oct 10, 2026.",Local,,Yes,Weaker on lead time (24 hours); stronger on online posting and the bar on acting on unlisted items,"V: 65 Pa.C.S. §§703, 709, 712.1 and MPC §107 on palegis.us; HB 502 bill page on palegis.us. PUC role from a law-firm article [secondary].",https://www.palegis.us/statutes/consolidated/view-statute?txtType=HTM&ttl=65&div=0&chapter=7 ; https://www.palegis.us/statutes/unconsolidated/law-information/view-statute?txtType=HTM&SessYr=1968&ActNum=0247.&SessInd=0&chpt=1&sctn=7&subsctn=0 ; https://www.palegis.us/legislation/bills/2025/hb502 ; https://frostbrowntodd.com/pennsylvania-dep-official-regulation-of-utility-scale-solar-projects-in-pennsylvania-is-a-local-matter
Rhode Island,RI,Northeast,full,R.I. Gen. Laws §42-46-6,48 hours,Yes (weekends and state holidays),Yes,"""a statement specifying the nature of the business to be discussed""; annual meeting schedule filed each January","Yes: filed electronically with the Secretary of State (state Open Meetings portal [K]), plus the principal office and one other prominent place. School committees also post on the district website.",No,Items added by majority vote are informational only; no vote except for an unexpected occurrence needing immediate action,Yes,A few towns hold financial town meetings; rules are in town charters [K],"R.I. Gen. Laws ch. 45-24 (zoning) [K, not fetched]",39,0,8,31,"Local zoning, unless the Energy Facility Siting Board (ch. 42-98) has jurisdiction","EFSB: generation >=40 MW (hydro >=10 MW). Storage is not in the ""major energy facility"" definition.",Local. OER issued a non-binding BESS model ordinance in 2026.,,Yes,"Comparable to stronger (same 48 business hours, plus statewide online filing)",V: §42-46-6 and §42-98-3 on webserver.rilegislature.gov. OER model ordinance via energy.ri.gov search result.,http://webserver.rilegislature.gov/Statutes/TITLE42/42-46/42-46-6.HTM ; http://webserver.rilegislature.gov/Statutes/TITLE42/42-98/42-98-3.HTM ; https://energy.ri.gov/energy-storage/bess-model-ordinance
Vermont,VT,Northeast,full,1 V.S.A. §§310-314; agenda: §312(d),Agenda 48 hours before regular meetings; 24 hours before special meetings,No (calendar hours),Yes,"""sufficient details""; additions and deletions as the first act of business","Yes: website, if one exists, plus municipal office and 2 other public places",No. Minutes go on the website within 5 calendar days.,Changes made as the first act of business,Yes,"17 V.S.A. §2641: warning posted 30-40 days before, in 2 public places plus the clerk's office; in a newspaper at least 5 days before (or the town report); on the website if actively updated","24 V.S.A. §4464: 15 days (newspaper, 3 public places, adjoiners) for conditional use, variance and final plat; 7 days for other reviews",291,14,40,237,"State: PUC certificate of public good, 30 V.S.A. §248. 24 V.S.A. §4413(b) bars municipal bylaws from regulating §248 generation and storage facilities. Towns get party status and ""due consideration"", or ""substantial deference"" with an energy-compliant plan.",All grid-connected generation (incl. net-metered); storage per §248(u),State (PUC),,No (state). Towns influence the outcome but do not decide.,"Comparable (48 hours plus website, but counted in calendar hours)","V: 1 VSA §312, 17 VSA §2641, 24 VSA §4464, 24 VSA §4413, 30 VSA §248 on legislature.vermont.gov",https://legislature.vermont.gov/statutes/section/01/005/00312 ; https://legislature.vermont.gov/statutes/section/17/055/02641 ; https://legislature.vermont.gov/statutes/section/24/117/04464 ; https://legislature.vermont.gov/statutes/section/24/117/04413 ; https://legislature.vermont.gov/statutes/section/30/005/00248
Alabama,AL,South,brief,Ala. Code §36-25A-3,7 calendar days,,No [K],,Optional [K],No,,Yes (general OML) [K],,,529,67,462,0,Cities zone; most counties lack general zoning; no state siting for generation,None,Local,,Yes (often unregulated),"Mixed (long notice, no agenda)","K: background knowledge, not verified this session",
Alaska,AK,West,brief,AS 44.62.310(e),"""Reasonable public notice""",,No,,State agencies use the Online Public Notice System [K],No,,Yes (general OML) [K],,,164,15,149,0,Boroughs and cities,None,Local,,Yes,Weaker,"K: background knowledge, not verified this session",
Arizona,AZ,West,brief,A.R.S. §38-431.02,24 hours,,Yes,,"Posted where the body's filed statement says, often its website [K]",No,,Yes (general OML) [K],,,106,15,91,0,Counties and cities. ACC Line Siting Committee covers thermal plants >=100 MW; PV generally outside it [K],Thermal >=100 MW,Local,,Yes,Weaker,"K: background knowledge, not verified this session",
Arkansas,AR,South,brief,Ark. Code §25-19-106,Regular: time and place to requesters; special: 2 hours,,No,,No,No,,Yes (general OML) [K],,,575,75,500,0,Cities and counties; many rural counties unzoned,None,Local,,Yes,Weaker,"K: background knowledge, not verified this session",
California,CA,West,brief,Gov. Code §54954.2 (Brown Act),72 hours,,"Yes (brief general description of each item, about 20 words)",,Yes: prominent direct link on the agency home page,"Materials given to a majority of the body are public records, available when distributed (§54957.5) [K]",,Yes (general OML) [K],,,539,57,482,0,Counties and cities (CUPs). Developers may opt in to CEC review under AB 205 (2022). The CEC has exclusive jurisdiction over thermal >=50 MW [K].,"CEC opt-in: solar/wind >=50 MW, storage >=200 MWh [K]",Local unless the developer opts in to CEC,,Hybrid (mostly local),Stronger,V (secondary): §54954.2 via FindLaw; siting K,https://codes.findlaw.com/ca/government-code/gov-sect-54954-2/
Colorado,CO,West,brief,C.R.S. §24-6-402(2)(c),24 hours,,"Yes (""specific agenda information where possible"")",,A website can be the official posting place [K],No,,Yes (general OML) [K],,,334,62,272,0,Counties and municipalities (zoning plus 1041 powers). No state siting board.,None,Local,,Yes,Weaker,"K: background knowledge, not verified this session",
Delaware,DE,South,brief,29 Del. C. §10004(e),7 days,,"Yes (amendable up to 6 hours before, with reasons) [K]",,State agencies: electronic calendar [K],No,,Yes (general OML) [K],,,60,3,57,0,Counties and municipalities,None,Local,,Yes,Stronger,"K: background knowledge, not verified this session",
Florida,FL,South,brief,Fla. Stat. §286.011,"""Reasonable notice"" (no fixed period)",,Not required by statute [K],,No,No,,Yes (general OML) [K],,,478,66,412,0,Power Plant Siting Act certification (>=75 MW steam/solar) preempts local zoning. §163.3205 (2021) makes solar a permitted use on agricultural land [K].,>=75 MW,Local (largely),,No (state-favored for solar),Weaker,"K: background knowledge, not verified this session",
Georgia,GA,South,brief,O.C.G.A. §50-14-1(e),Agenda 24 hours [K],,Yes [K],,Website if maintained [K],No,,Yes (general OML) [K],,,689,152,537,0,Counties and cities,None,Local,,Yes,Weaker,"K: background knowledge, not verified this session",
Hawaii,HI,West,brief,HRS §92-7,6 calendar days,,Yes,,Yes: state electronic calendar [K],No,,Yes (general OML) [K],,,4,3,1,0,Counties plus the State Land Use Commission (agricultural district permits),n/a,County,,Hybrid,Stronger,"K: background knowledge, not verified this session",
Idaho,ID,West,brief,Idaho Code §74-204,Meeting notice 5 days; agenda 48 hours,,Yes,,"Yes, if the entity has a website [K]",No,,Yes (general OML) [K],,,243,44,199,0,Counties and cities (Local Land Use Planning Act),None,Local,,Yes,Comparable,"K: background knowledge, not verified this session",
Illinois,IL,Midwest,brief,5 ILCS 120/2.02,"Agenda 48 hours (calendar, not business hours, per PAC)",,Yes (general subject matter of items for final action) [K],,"Yes, if the body's website is maintained by full-time staff",No,,Yes (general OML) [K],,,2822,102,1295,1425,"Counties constrained. PA 102-1123 (REFA, 2023; 55 ILCS 5/5-12020) caps county standards for commercial wind and solar. County hearings still happen, so agendas still matter.",No state permit; statewide county standards,"PA 104-0458 (CRGA; signed Jan 8, 2026; effective June 1, 2026; 55 ILCS 5/5-12024) sets statewide county standards for standalone storage >1 MW",,"Hybrid (local hearings, state-set standards)",Comparable,V (secondary): PAC opinions; CRGA via Taft and WTTW; REFA K,"https://www.taftlaw.com/news-events/law-bulletins/illinois-clean-and-reliable-grid-affordability-act-enacts-new-statewide-zoning-standards-for-energy-storage-systems/ ; https://news.wttw.com/2026/01/08/pritzker-signs-major-energy-reform-bill-amid-projected-shortages ; https://illinoisattorneygeneral.gov/Page-Attachments/FOIAPAC/Non-Binding-PAC-Opinions/OMA/2.02/2.02_a/Posting-agendas-for-regular-and-special-meetings,-contents-of-discussion/70125,%20issued%20March%2018,%202022.pdf"
Indiana,IN,Midwest,brief,IC 5-14-1.5-5,"48 hours, excluding weekends and holidays",Yes,"Not required in the notice; if an agenda is used, it is posted at the entrance [K]",,No [K],No,,Yes (general OML) [K],,,1662,91,567,1004,"Counties and municipalities. HEA 1381 (2022) has voluntary ""energy ready"" standards.",None,Local,,Yes,"Mixed (MA-length notice, no agenda required)","K: background knowledge, not verified this session",
Iowa,IA,Midwest,brief,Iowa Code §21.4,24 hours,,Yes (tentative agenda),,No [K],No,,Yes (general OML) [K],,,1039,99,940,0,Counties. Iowa Utilities Commission certificate for >=25 MW under ch. 476A; how it applies to wind and solar not verified.,>=25 MW (scope unverified),Local,,Yes,Weaker,"K: background knowledge, not verified this session",
Kansas,KS,Midwest,brief,K.S.A. 75-4318,Notice to requesters only,,No,,No,No,,Yes (general OML) [K],,,1994,103,624,1267,Counties; some unzoned,None,Local,,Yes,Weaker,"K: background knowledge, not verified this session",
Kentucky,KY,South,brief,KRS 61.820-.823,Regular: schedule; special: 24 hours with agenda,,Special meetings only [K],,Website for special notices if available [K],No,,Yes (general OML) [K],,,535,118,417,0,State Board on Electric Generation & Transmission Siting for merchant plants >=10 MW; local setbacks can be waived (KRS 278.700-.716),>=10 MW merchant,Local or state board,,Hybrid,Weaker,"K: background knowledge, not verified this session",
Louisiana,LA,South,brief,La. R.S. 42:19,24 hours,,Yes,,Website if any [K],No,,Yes (general OML) [K],,,364,60,304,0,Parishes and municipalities,None,Local,,Yes,Weaker,"K: background knowledge, not verified this session",
Maryland,MD,South,brief,"Gen. Prov. §§3-302, 3-302.1",Reasonable advance notice; agenda before the meeting [K],,Yes [K],,Website if any [K],No,,Yes (general OML) [K],,,180,23,157,0,"State: PSC certificate (CPCN) preempts local zoning for larger generation (Perennial Solar, 2019). The Renewable Energy Certainty Act (SB 931/HB 1036, 2025) bars local zoning that prohibits solar or storage and shifts review of 1-5 MW solar to the PSC.",>1-2 MW (verify enrolled text),State-limited local role,,No (state),Weaker,"V (secondary): MD fiscal notes, MACo, pv-tech; OML K",https://mgaleg.maryland.gov/2025RS/fnotes/bil_0001/sb0931.pdf ; https://conduitstreet.mdcounties.org/2025/04/30/deep-dive-marylands-pivotal-2025-actions-on-solar-energy-policy/
Michigan,MI,Midwest,brief,MCL 15.265 (OMA),Schedule posted within 10 days after the first meeting; changes and special meetings 18 hours,,No,,"Yes, if the body updates a website monthly (home page or a linked notices page)",No,,Yes (general OML) [K],,,1856,83,533,1240,"Local first. PA 233 (2023; effective Nov 29, 2024) lets developers go to the MPSC if the local unit has no compatible ordinance (CREO) or denies. The Court of Appeals upheld the MPSC's CREO order (May 2026); local governments appealed to the Michigan Supreme Court.","MPSC option: solar >=50 MW, wind >=100 MW, storage >=50 MW",Same PA 233 option for >=50 MW,,Hybrid,Weaker,"V: MCL 15.265 on legislature.mi.gov; PA 233 via Sabin Center blog (Jul 14, 2026)",https://www.legislature.mi.gov/Laws/MCL?objectName=mcl-15-265 ; https://blogs.law.columbia.edu/climatechange/2026/07/14/michigan-court-of-appeals-decision-largely-upholds-michigan-pscs-renewable-energy-siting-process/
Minnesota,MN,Midwest,brief,Minn. Stat. §13D.04,Regular: schedule on file; special: 3 days,,No (purpose required for special meetings),,No,No,,Yes (general OML) [K],,,2720,87,854,1779,State: PUC site permit (ch. 216I). Counties may take over some smaller projects [K].,Solar >=50 MW AC; wind >=5 MW; storage >=10 MW,PUC at 10 MW and up,,No (state),Weaker,V: §13D.04 and §216I.02 on revisor.mn.gov,https://www.revisor.mn.gov/statutes/cite/13D.04 ; https://www.revisor.mn.gov/statutes/cite/216I.02
Mississippi,MS,South,brief,Miss. Code §25-41-13,Regular: schedule; special: notice,,No [K],,No [K],No,,Yes (general OML) [K],,,380,82,298,0,Local,None,Local,,Yes,Weaker,"K: background knowledge, not verified this session",
Missouri,MO,Midwest,brief,RSMo §610.020,24 hours,,Yes (tentative agenda),,No [K],No,,Yes (general OML) [K],,,1340,114,943,283,Counties (many unzoned) and municipalities,None,Local,,Yes,Weaker,"K: background knowledge, not verified this session",
Montana,MT,West,brief,MCA §2-3-103,Reasonable notice (48 hours commonly advised),,Yes [K],,No [K],No,,Yes (general OML) [K],,,182,54,128,0,Local (limited county zoning); Major Facility Siting Act for some large facilities,Varies,Local,,Yes,Weaker,"K: background knowledge, not verified this session",
Nebraska,NE,Midwest,brief,Neb. Rev. Stat. §84-1411,Reasonable advance notice; agenda current and available 24 hours before,,Yes,,No [K],No,,Yes (general OML) [K],,,971,93,528,350,Counties and municipalities; public power districts,None,Local,,Yes,Weaker,"K: background knowledge, not verified this session",
Nevada,NV,West,brief,NRS 241.020,3 working days,,Yes,,Yes: own website plus the state notice website [K],Supporting material available when given to members [K],,Yes (general OML) [K],,,35,16,19,0,PUCN permit (UEPA) for large plants plus county special-use permits; much land is federal (BLM),>=70 MW [K],County or PUCN,,Hybrid,Stronger,"K: background knowledge, not verified this session",
New Mexico,NM,West,brief,NMSA §10-15-1(F),Agenda 72 hours,,Yes,,"Yes, website if any [K]",No,,Yes (general OML) [K],,,138,33,105,0,Counties and municipalities,None,Local,,Yes,Stronger,"K: background knowledge, not verified this session",
North Carolina,NC,South,brief,G.S. §143-318.12,Regular: schedule filed; special: 48 hours,,No (purpose for special meetings) [K],,Schedule on website if maintained [K],No,,Yes (general OML) [K],,,652,100,552,0,Counties and municipalities; NCUC certificate for generators,None for zoning,Local,,Yes,Weaker,"K: background knowledge, not verified this session",
North Dakota,ND,Midwest,brief,NDCC §44-04-20,Notice with agenda [K],,Yes [K],,Website if any [K],No,,Yes (general OML) [K],,,1714,53,356,1305,PSC site certificate for larger facilities plus county/township zoning (dual),Varies [K],Local,,Hybrid,Weaker,"K: background knowledge, not verified this session",
Ohio,OH,Midwest,brief,R.C. §121.22(F),Each body sets its own rule; special meetings 24 hours to media,,No statewide requirement,,No,No,,Yes (general OML) [K],,,2322,88,926,1308,OPSB for >=50 MW (wind >=5 MW). SB 52 (2021) lets counties designate restricted areas and reject wind and solar projects; townships get referendum rights. Smaller projects: township and municipal zoning.,OPSB >=50 MW,"OPSB for standalone storage >=50 MW, outside SB 52's county veto (law-firm summary)",,Hybrid (county veto),Weaker,V: R.C. 121.22 on codes.ohio.gov; siting via Bricker Graydon,https://codes.ohio.gov/ohio-revised-code/section-121.22 ; https://www.bricker.com/insights/publications/Ohio-General-Assembly-passes-S-B-52-Changes-to-wind-and-solar-siting-requirements
Oklahoma,OK,South,brief,25 O.S. §311,"Agenda 24 hours, excluding weekends and holidays",Yes,Yes,,[K],No,,Yes (general OML) [K],,,669,77,592,0,Local (limited); Oklahoma Wind Energy Development Act setbacks,None,Local,,Yes,Weaker,"K: background knowledge, not verified this session",
Oregon,OR,West,brief,ORS 192.640,Reasonable notice,,"Yes (""principal subjects anticipated"")",,No [K],No,,Yes (general OML) [K],,,276,36,240,0,Energy Facility Siting Council for large projects (acreage and MW thresholds); counties otherwise,Varies [K],County or EFSC,,Hybrid,Weaker,"K: background knowledge, not verified this session",
South Carolina,SC,South,brief,S.C. Code §30-4-80,Agenda 24 hours,,Yes,,Website if any [K],No,,Yes (general OML) [K],,,317,46,271,0,Local,None,Local,,Yes,Weaker,"K: background knowledge, not verified this session",
South Dakota,SD,Midwest,brief,SDCL §1-25-1.1,Agenda 24 hours,,Yes,,Website if any [K],No,,Yes (general OML) [K],,,1273,66,310,897,PUC permit for large wind and solar plus county conditional use permits,~100 MW [K],Local,,Hybrid,Weaker,"K: background knowledge, not verified this session",
Tennessee,TN,South,brief,T.C.A. §8-44-103,"""Adequate public notice""",,No [K],,No,No,,Yes (general OML) [K],,,437,92,345,0,Local,None,Local,,Yes,Weaker,"K: background knowledge, not verified this session",
Texas,TX,South,brief,"Gov't Code §§551.041, .043, .056",72 hours,,Yes (subject of each item),,"Yes: municipalities, counties, school districts and others with websites post notice and agenda online",No,,Yes (general OML) [K],,,1479,254,1225,0,Cities zone within their limits; counties have no general zoning; no state siting for generation,None,Local (cities) or unregulated,,Yes (but rural projects are mostly unregulated),Stronger,V (secondary): §551.056 via FindLaw; §551.043 K; siting K,https://codes.findlaw.com/tx/government-code/gov-t-sect-551-056/
Utah,UT,West,brief,Utah Code §52-4-202,24 hours,,Yes,,Yes: Utah Public Notice Website [K],No,,Yes (general OML) [K],,,283,29,254,0,Local,None,Local,,Yes,Weaker,"K: background knowledge, not verified this session",
Virginia,VA,South,brief,Va. Code §2.2-3707,Notice 3 working days,,Yes: proposed agenda posted on the website before the meeting,,"Yes (notice on website, public location and clerk's office)",Yes: agenda packets and materials given to members are open to the public at the same time,,Yes (general OML) [K],,,323,95,228,0,"Local: counties and cities (zoning, conditional use, comprehensive plan review, siting agreements). SCC approves utility-owned plants [K].",None for zoning [K],Local,,Yes,Stronger (lead time and packets),V: §2.2-3707 on law.lis.virginia.gov; siting K,https://law.lis.virginia.gov/vacode/title2.2/chapter37/section2.2-3707/
Washington,WA,West,brief,RCW 42.30.077,Agenda online 24 hours before regular meetings,,Yes,,Yes,No,,Yes (general OML) [K],,,320,39,281,0,Counties and cities; EFSEC opt-in for renewables and storage; EFSEC mandatory for large thermal,Opt-in [K],Local unless opt-in,,Hybrid (mostly local),Weaker,"K: background knowledge, not verified this session",
West Virginia,WV,South,brief,W. Va. Code §6-9A-3,Reasonable notice; agenda rules by rule [K],,[K],,[K],No,,Yes (general OML) [K],,,286,55,231,0,PSC siting certificate for wholesale generators. HB 2014 (2025) bars most county and municipal zoning of certified microgrid districts and high-impact data centers.,n/a,[K],HB 2014 (2025) preempts local control of microgrid and data center districts,Hybrid,Weaker,"K: background knowledge, not verified this session; HB 2014 V (secondary): WV Center on Budget & Policy",https://wvpolicy.org/wp-content/uploads/2025/10/HB-2014-fact-sheet.pdf
Wisconsin,WI,Midwest,brief,Wis. Stat. §19.84,24 hours (2 hours minimum for good cause),,"Yes (""subject matter"")",,No,No,,Yes (general OML) [K],,,1922,72,605,1245,State: PSC certificate (CPCN) for >=100 MW preempts local. §66.0401 limits local restrictions on smaller solar and wind [K].,>=100 MW,PSC for large; local under limits,,No (state),Weaker,V: §19.84 on docs.legis.wisconsin.gov; siting K,https://docs.legis.wisconsin.gov/statutes/statutes/19/v/84
Wyoming,WY,West,brief,W.S. §16-4-404,Regular: per rule; special: 8 hours,,No [K],,No,No,,Yes (general OML) [K],,,122,23,99,0,Industrial Siting Council for large facilities plus county wind and solar permits (W.S. 18-5-501 et seq.),Varies,County,,Hybrid,Weaker,"K: background knowledge, not verified this session",
